<?xml version="1.0" encoding="UTF-8"?>
<project-private xmlns="http://www.netbeans.org/ns/project-private/1">
    <editor-bookmarks xmlns="http://www.netbeans.org/ns/editor-bookmarks/2" lastBookmarkId="0"/>
    <open-files xmlns="http://www.netbeans.org/ns/projectui-open-files/2">
        <group/>
        <group name="HomeProjects"/>
        <group name="Algoritmos">
            <file>file:/home/alexandre/Documentos/NetBeansProjects/SwingApps/PadroesMvcSwingJavaApp/src/edu/undra/modelo/Grade.java</file>
            <file>file:/home/alexandre/Documentos/NetBeansProjects/SwingApps/PadroesMvcSwingJavaApp/src/edu/undra/algoritmos/PadraoCaracol.java</file>
            <file>file:/home/alexandre/Documentos/NetBeansProjects/SwingApps/PadroesMvcSwingJavaApp/src/edu/undra/view/MainForm.java</file>
            <file>file:/home/alexandre/Documentos/NetBeansProjects/SwingApps/PadroesMvcSwingJavaApp/src/edu/undra/algoritmos/PadraoAleatorio.java</file>
        </group>
    </open-files>
</project-private>
